dates,model0,model1,model2,model3,model4
2024/02/01/09:00,1.0,1.0,1.0,1.0,1.0
2024/02/01/10:00,1.0,1.0,1.0,1.0,1.0
2024/02/01/11:00,1.0,0.9460330269916023,1.0,1.0,1.0
2024/02/01/12:00,1.0,0.9460330269916023,1.0,1.0,1.0
2024/02/01/13:00,1.0,0.9460330269916023,1.0,1.0,1.0
2024/02/01/14:00,1.0,0.9460330269916023,1.0,1.0,1.0
2024/02/01/15:00,0.9841329919375733,0.9460330269916023,1.0039467331169138,0.9841329919375733,1.0
2024/02/02/09:00,0.9841329919375733,0.9460330269916023,1.0039467331169138,0.9841329919375733,1.0
2024/02/02/10:00,0.9841329919375733,0.9460330269916023,1.0039467331169138,0.9841329919375733,1.0
2024/02/02/11:00,0.9841329919375733,0.9460330269916023,1.0039467331169138,0.9841329919375733,1.0
2024/02/02/12:00,0.9841329919375733,0.9460330269916023,1.0039467331169138,0.9841329919375733,1.0
2024/02/02/13:00,0.9841329919375733,0.9460330269916023,1.0039467331169138,0.9841329919375733,1.0
2024/02/02/14:00,0.9841329919375733,0.9460330269916023,1.0039467331169138,0.9841329919375733,1.0
2024/02/02/15:00,1.1404711718714289,0.9530060811119747,1.126753966439579,1.1404711718714289,1.1563381799338557
2024/02/05/09:00,1.1404711718714289,0.9530060811119747,1.126753966439579,1.1404711718714289,1.1563381799338557
2024/02/05/10:00,1.1404711718714289,0.8990280889457882,1.126753966439579,1.0864931797052424,1.102360187767669
2024/02/05/11:00,1.1404711718714289,0.8990280889457882,1.1078300946458806,1.0864931797052424,1.102360187767669
2024/02/05/12:00,1.0864926310334853,0.8990280889457882,1.1078300946458806,1.0864931797052424,1.102360187767669
2024/02/05/13:00,1.0864926310334853,0.8990280889457882,1.1078300946458806,1.0864931797052424,1.102360187767669
2024/02/05/14:00,1.0864926310334853,0.8990280889457882,1.1078300946458806,1.0864931797052424,1.102360187767669
2024/02/05/15:00,1.0864926310334853,0.8990280889457882,1.1651083474311528,1.0864931797052424,1.102360187767669
2024/02/06/09:00,1.0864926310334853,0.8990280889457882,1.1651083474311528,1.0864931797052424,1.102360187767669
2024/02/06/10:00,1.0864926310334853,0.8990280889457882,1.1651083474311528,1.0864931797052424,1.102360187767669
2024/02/06/11:00,1.0325150046484701,0.845050462560773,1.1111307210461376,1.0864931797052424,1.102360187767669
2024/02/06/12:00,1.0325150046484701,0.845050462560773,1.1111307210461376,1.0864931797052424,1.102360187767669
2024/02/06/13:00,1.0325150046484701,0.845050462560773,1.1111307210461376,1.0864931797052424,1.102360187767669
2024/02/06/14:00,1.0325150046484701,0.845050462560773,1.1111307210461376,1.0864931797052424,1.102360187767669
2024/02/06/15:00,1.0325150046484701,0.845050462560773,1.1111307210461376,1.0828090927102865,1.102360187767669
2024/02/07/09:00,1.0325150046484701,0.845050462560773,1.1111307210461376,1.0828090927102865,1.102360187767669
2024/02/07/10:00,1.0325150046484701,0.845050462560773,1.1111307210461376,1.0828090927102865,1.102360187767669
2024/02/07/11:00,1.0325150046484701,0.845050462560773,1.1111307210461376,1.0828090927102865,1.102360187767669
2024/02/07/12:00,1.0325150046484701,0.845050462560773,1.1111307210461376,1.0828090927102865,1.102360187767669
2024/02/07/13:00,0.977003642570833,0.7895391004831359,1.0556193589685006,1.0272977306326494,1.102360187767669
2024/02/07/14:00,0.977003642570833,0.7895391004831359,1.0556193589685006,1.0272977306326494,1.102360187767669
2024/02/07/15:00,0.977003642570833,0.7895391004831359,1.0556193589685006,1.0272977306326494,1.104763674881504
2024/02/08/09:00,0.977003642570833,0.7895391004831359,1.0556193589685006,1.0272977306326494,1.104763674881504
2024/02/08/10:00,0.977003642570833,0.7895391004831359,1.0556193589685006,1.0272977306326494,1.104763674881504
2024/02/08/11:00,0.977003642570833,0.7895391004831359,1.0556193589685006,1.0272977306326494,1.104763674881504
2024/02/08/12:00,0.977003642570833,0.7895391004831359,1.0556193589685006,1.0272977306326494,1.0903990367762506
2024/02/08/13:00,0.948921890479021,0.7895391004831359,1.0556193589685006,1.0272977306326494,1.0903990367762506
2024/02/08/14:00,0.948921890479021,0.7895391004831359,1.0556193589685006,1.0272977306326494,1.0903990367762506
2024/02/08/15:00,0.9650400225565059,0.7568859524789291,1.0229662109642936,0.9946445826284426,1.1080412113453155
2024/02/13/09:00,0.9650400225565059,0.7568859524789291,1.0229662109642936,0.9946445826284426,1.1080412113453155
2024/02/13/10:00,0.9650400225565059,0.7568859524789291,1.0229662109642936,0.9946445826284426,1.1080412113453155
2024/02/13/11:00,0.9650400225565059,0.7568859524789291,1.0229662109642936,0.9946445826284426,1.1080412113453155
2024/02/13/12:00,0.9650400225565059,0.7568859524789291,1.0229662109642936,0.9946445826284426,1.1080412113453155
2024/02/13/13:00,0.9650400225565059,0.7568859524789291,1.0229662109642936,0.9946445826284426,1.1080412113453155
2024/02/13/14:00,0.9650400225565059,0.7568859524789291,1.0229662109642936,0.9946445826284426,1.1080412113453155
2024/02/13/15:00,0.9400005029491107,0.731846432871534,0.9979266913568985,0.9696050630210473,1.0830016917379202
2024/02/14/09:00,0.9400005029491107,0.731846432871534,0.9979266913568985,0.9696050630210473,1.0830016917379202
2024/02/14/10:00,0.8844906039961593,0.731846432871534,0.942416792403947,0.9696050630210473,1.0830016917379202
2024/02/14/11:00,0.8844906039961593,0.731846432871534,0.942416792403947,0.9696050630210473,1.0830016917379202
2024/02/14/12:00,0.8844906039961593,0.731846432871534,0.942416792403947,0.9696050630210473,1.0830016917379202
2024/02/14/13:00,0.8844906039961593,0.731846432871534,0.942416792403947,0.9696050630210473,1.0830016917379202
2024/02/14/14:00,0.8844906039961593,0.731846432871534,0.942416792403947,0.9696050630210473,1.0830016917379202
2024/02/14/15:00,0.8844906039961593,0.7235813482084337,0.942416792403947,0.9613404355844113,1.0930255742002362
2024/02/15/09:00,0.8844906039961593,0.7235813482084337,0.942416792403947,0.9613404355844113,1.0930255742002362
2024/02/15/10:00,0.8579357292000054,0.6970264734122797,0.9158619176077932,0.9613404355844113,1.0930255742002362
2024/02/15/11:00,0.8579357292000054,0.6970264734122797,0.9121690518647233,0.9613404355844113,1.0930255742002362
2024/02/15/12:00,0.8435739258988306,0.682664670111105,0.9121690518647233,0.9613404355844113,1.0930255742002362
2024/02/15/13:00,0.8170197826650214,0.6561105268772955,0.8962838461890188,0.9613404355844113,1.0930255742002362
2024/02/15/14:00,0.8170197826650214,0.6561105268772955,0.886495176260803,0.9613404355844113,1.0930255742002362
2024/02/15/15:00,0.8118035145474234,0.6508942587596976,0.8812786338073247,0.968316507399448,1.0930255742002362
2024/02/16/09:00,0.8118035145474234,0.6508942587596976,0.8812786338073247,0.968316507399448,1.0930255742002362
2024/02/16/10:00,0.8118035145474234,0.6508942587596976,0.8812786338073247,0.968316507399448,1.0930255742002362
2024/02/16/11:00,0.8118035145474234,0.6508942587596976,0.8812786338073247,0.968316507399448,1.0930255742002362
2024/02/16/12:00,0.8118035145474234,0.6508942587596976,0.8812786338073247,0.968316507399448,1.0930255742002362
2024/02/16/13:00,0.8118035145474234,0.6508942587596976,0.8812786338073247,0.968316507399448,1.0930255742002362
2024/02/16/14:00,0.8118035145474234,0.6508942587596976,0.8812786338073247,0.968316507399448,1.0930255742002362
2024/02/16/15:00,0.8507808208739139,0.6563406184749976,0.9004421989544747,0.968316507399448,1.0930255742002362
2024/02/19/09:00,0.8507808208739139,0.6563406184749976,0.9004421989544747,0.968316507399448,1.0930255742002362
2024/02/19/10:00,0.8507808208739139,0.6563406184749976,0.9004421989544747,0.968316507399448,1.0930255742002362
2024/02/19/11:00,0.8507808208739139,0.6563406184749976,0.9004421989544747,0.968316507399448,1.0930255742002362
2024/02/19/12:00,0.8507808208739139,0.6563406184749976,0.9004421989544747,0.968316507399448,1.0930255742002362
2024/02/19/13:00,0.8507808208739139,0.6563406184749976,0.9004421989544747,0.968316507399448,1.0930255742002362
2024/02/19/14:00,0.8507808208739139,0.6563406184749976,0.9004421989544747,0.968316507399448,1.0930255742002362
2024/02/19/15:00,0.8684100102113934,0.6739698078124772,0.9180713882919543,0.9859456967369274,1.0930255742002362
2024/02/20/09:00,0.8684100102113934,0.6739698078124772,0.9180713882919543,0.9859456967369274,1.0930255742002362
2024/02/20/10:00,0.8128890463780067,0.6739698078124772,0.9180713882919543,0.9859456967369274,1.0930255742002362
2024/02/20/11:00,0.8128890463780067,0.6739698078124772,0.9180713882919543,0.9859456967369274,1.0930255742002362
2024/02/20/12:00,0.8128890463780067,0.6739698078124772,0.9180713882919543,0.9859456967369274,1.0930255742002362
2024/02/20/13:00,0.8128890463780067,0.6739698078124772,0.938757167024827,0.9859456967369274,1.1701009251215462
2024/02/20/14:00,0.8128890463780067,0.6739698078124772,0.938757167024827,0.9859456967369274,1.1587818115312507
2024/02/20/15:00,0.8128890463780067,0.6519809336564413,0.9624910307408575,1.0173002301373193,1.1230765549510007
2024/02/21/09:00,0.8128890463780067,0.6519809336564413,0.9624910307408575,1.0173002301373193,1.1230765549510007
2024/02/21/10:00,0.8128890463780067,0.6519809336564413,0.9069720787039136,1.0173002301373193,1.0675576029140568
2024/02/21/11:00,0.8128890463780067,0.6519809336564413,0.9069720787039136,1.0173002301373193,1.0675576029140568
2024/02/21/12:00,0.8128890463780067,0.6970527639339779,0.9069720787039136,1.0173002301373193,1.0675576029140568
2024/02/21/13:00,0.8128890463780067,0.7238360843125606,0.9069720787039136,1.0173002301373193,1.0675576029140568
2024/02/21/14:00,0.8128890463780067,0.7238360843125606,0.9069720787039136,1.0173002301373193,1.0675576029140568
2024/02/21/15:00,0.8335747336655883,0.7262332617011886,0.9069720787039136,1.0379859174249009,1.0675576029140568
2024/02/22/09:00,0.8335747336655883,0.7262332617011886,0.9069720787039136,1.0379859174249009,1.0675576029140568
2024/02/22/10:00,0.8335747336655883,0.7262332617011886,0.9069720787039136,1.0379859174249009,1.0675576029140568
2024/02/22/11:00,0.8335747336655883,0.7262332617011886,0.9069720787039136,1.0379859174249009,1.0675576029140568
2024/02/22/12:00,0.8335747336655883,0.7262332617011886,0.9069720787039136,1.0379859174249009,1.0675576029140568
2024/02/22/13:00,0.8335747336655883,0.7262332617011886,0.9069720787039136,1.0379859174249009,1.0675576029140568
2024/02/22/14:00,0.8335747336655883,0.7262332617011886,0.9069720787039136,1.0379859174249009,1.0675576029140568
2024/02/22/15:00,0.8390170697880028,0.731675597823603,0.912414414826328,1.0434282535473154,1.072999939036471
2024/02/23/09:00,0.8390170697880028,0.731675597823603,0.912414414826328,1.0434282535473154,1.072999939036471
2024/02/23/10:00,0.8390170697880028,0.731675597823603,0.912414414826328,1.0434282535473154,1.072999939036471
2024/02/23/11:00,0.8390170697880028,0.731675597823603,0.912414414826328,1.0434282535473154,1.072999939036471
2024/02/23/12:00,0.8390170697880028,0.731675597823603,0.912414414826328,1.0434282535473154,1.072999939036471
2024/02/23/13:00,0.8390170697880028,0.731675597823603,0.912414414826328,1.0434282535473154,1.072999939036471
2024/02/23/14:00,0.7819690457683726,0.6746275738039728,0.8553663908066977,0.9863802295276851,1.072999939036471
2024/02/23/15:00,0.7819690457683726,0.6746275738039728,0.8553663908066977,0.9863802295276851,1.0677708685778737
2024/02/26/09:00,0.7819690457683726,0.6746275738039728,0.8553663908066977,0.9863802295276851,1.0677708685778737
2024/02/26/10:00,0.7819690457683726,0.6746275738039728,0.8553663908066977,0.9308628320607196,1.0122534711109084
2024/02/26/11:00,0.7355952174111873,0.6282537454467874,0.8227089448737268,0.9308628320607196,1.0122534711109084
2024/02/26/12:00,0.6861733040708424,0.5788318321064426,0.773287031533382,0.9308628320607196,1.0122534711109084
2024/02/26/13:00,0.6861733040708424,0.5492236599454383,0.7436788593723777,0.9308628320607196,1.0122534711109084
2024/02/26/14:00,0.6306556322679984,0.5485722951244425,0.7430274945513818,0.9308628320607196,1.0122534711109084
2024/02/26/15:00,0.6306556322679984,0.5707829393565306,0.7652381387834699,0.9308628320607196,1.0122534711109084
2024/02/27/09:00,0.6306556322679984,0.5707829393565306,0.7652381387834699,0.9308628320607196,1.0122534711109084
2024/02/27/10:00,0.5751395150351329,0.5152668221236651,0.7097220215506046,0.8753467148278542,0.9567373538780428
2024/02/27/11:00,0.5751395150351329,0.5152668221236651,0.7097220215506046,0.8753467148278542,0.9567373538780428
2024/02/27/12:00,0.5751395150351329,0.5152668221236651,0.7097220215506046,0.8753467148278542,0.9567373538780428
2024/02/27/13:00,0.5751395150351329,0.5152668221236651,0.7097220215506046,0.8753467148278542,0.9567373538780428
2024/02/27/14:00,0.5751395150351329,0.5152668221236651,0.7097220215506046,0.8753467148278542,0.9567373538780428
2024/02/27/15:00,0.5751395150351329,0.5152668221236651,0.7097220215506046,0.8753467148278542,0.9567373538780428
2024/02/28/09:00,0.5751395150351329,0.5152668221236651,0.7097220215506046,0.8753467148278542,0.9567373538780428
2024/02/28/10:00,0.5440080319448917,0.4841353390334239,0.7097220215506046,0.8442152317376129,0.9256058707878015
2024/02/28/11:00,0.5440080319448917,0.4841353390334239,0.7097220215506046,0.8442152317376129,0.9256058707878015
2024/02/28/12:00,0.5440080319448917,0.4841353390334239,0.6542040296892355,0.8442152317376129,0.9256058707878015
2024/02/28/13:00,0.5440080319448917,0.4841353390334239,0.6542040296892355,0.8442152317376129,0.9256058707878015
2024/02/28/14:00,0.5440080319448917,0.4841353390334239,0.6542040296892355,0.8442152317376129,0.9256058707878015
2024/02/28/15:00,0.5875546309420413,0.5276819380305735,0.6542040296892355,0.8877618307347626,0.9691524697849512
2024/02/29/09:00,0.5875546309420413,0.5276819380305735,0.6542040296892355,0.8877618307347626,0.9691524697849512
2024/02/29/10:00,0.6204351271851629,0.5276819380305735,0.6200246445064223,0.8877618307347626,0.9691524697849512
2024/02/29/11:00,0.6204351271851629,0.5276819380305735,0.6224222791215144,0.8877618307347626,0.9691524697849512
2024/02/29/12:00,0.6060674713852439,0.5276819380305735,0.6111027083047549,0.8877618307347626,0.9691524697849512
2024/02/29/13:00,0.6060674713852439,0.5276819380305735,0.6111027083047549,0.8877618307347626,0.9691524697849512
2024/02/29/14:00,0.6060674713852439,0.5276819380305735,0.5952110100132577,0.8855873378751172,0.9639297090515606
2024/02/29/15:00,0.5840796031274277,0.5163630073308639,0.6006571868379738,0.8910335146998333,0.9693758858762767
2024/03/04/09:00,0.5840796031274277,0.5163630073308639,0.6006571868379738,0.8910335146998333,0.9693758858762767
2024/03/04/10:00,0.5840796031274277,0.5163630073308639,0.6006571868379738,0.8910335146998333,0.9693758858762767
2024/03/04/11:00,0.5840796031274277,0.5163630073308639,0.6006571868379738,0.8910335146998333,0.9693758858762767
2024/03/04/12:00,0.5840796031274277,0.5163630073308639,0.6006571868379738,0.8910335146998333,0.9693758858762767
2024/03/04/13:00,0.5840796031274277,0.5163630073308639,0.6006571868379738,0.8910335146998333,0.9693758858762767
2024/03/04/14:00,0.5840796031274277,0.5163630073308639,0.6006571868379738,0.8910335146998333,0.9693758858762767
2024/03/04/15:00,0.5840796031274277,0.5096061451236797,0.5832320271897329,0.8736083550515925,0.9693758858762767
2024/03/05/09:00,0.5840796031274277,0.5096061451236797,0.5832320271897329,0.8736083550515925,0.9693758858762767
2024/03/05/10:00,0.5407445323335308,0.5096061451236797,0.539896956395836,0.8736083550515925,0.9693758858762767
2024/03/05/11:00,0.5407445323335308,0.5096061451236797,0.539896956395836,0.8736083550515925,0.9693758858762767
2024/03/05/12:00,0.5407445323335308,0.5096061451236797,0.539896956395836,0.8736083550515925,0.9693758858762767
2024/03/05/13:00,0.5407445323335308,0.5096061451236797,0.539896956395836,0.8736083550515925,0.9693758858762767
2024/03/05/14:00,0.5407445323335308,0.5096061451236797,0.539896956395836,0.8736083550515925,0.9693758858762767
2024/03/05/15:00,0.6315332479843927,0.5714380534345331,0.630685672046698,0.9643970707024544,1.0601646015271384
2024/03/06/09:00,0.6315332479843927,0.5714380534345331,0.630685672046698,0.9643970707024544,1.0601646015271384
2024/03/06/10:00,0.6315332479843927,0.5714380534345331,0.630685672046698,0.9643970707024544,1.0601646015271384
2024/03/06/11:00,0.6315332479843927,0.5714380534345331,0.630685672046698,0.9643970707024544,1.0601646015271384
2024/03/06/12:00,0.6315332479843927,0.5714380534345331,0.630685672046698,0.9643970707024544,1.0601646015271384
2024/03/06/13:00,0.6315332479843927,0.5159203359090427,0.630685672046698,0.9643970707024544,1.0601646015271384
2024/03/06/14:00,0.6315332479843927,0.5159203359090427,0.630685672046698,0.9643970707024544,1.0601646015271384
2024/03/06/15:00,0.6522177464831654,0.5159203359090427,0.6513701705454708,0.9850815692012271,1.0808491000259113
2024/03/07/09:00,0.6522177464831654,0.5159203359090427,0.6513701705454708,0.9850815692012271,1.0808491000259113
2024/03/07/10:00,0.6522177464831654,0.4603990062944846,0.5958488409309126,0.9850815692012271,1.0808491000259113
2024/03/07/11:00,0.6149878072942856,0.4603990062944846,0.5958488409309126,0.9850815692012271,1.0808491000259113
2024/03/07/12:00,0.6149878072942856,0.4603990062944846,0.5958488409309126,0.9850815692012271,1.0808491000259113
2024/03/07/13:00,0.5853785377897669,0.4603990062944846,0.5958488409309126,0.9850815692012271,1.0808491000259113
2024/03/07/14:00,0.5853785377897669,0.4603990062944846,0.5958488409309126,0.9850815692012271,1.0808491000259113
2024/03/07/15:00,0.5938703305747337,0.4603990062944846,0.5958488409309126,0.9850815692012271,1.0808491000259113
2024/03/08/09:00,0.5938703305747337,0.4603990062944846,0.5958488409309126,0.9850815692012271,1.0808491000259113
2024/03/08/10:00,0.5938703305747337,0.4603990062944846,0.5958488409309126,0.9850815692012271,1.0808491000259113
2024/03/08/11:00,0.5938703305747337,0.4603990062944846,0.5958488409309126,0.9850815692012271,1.0808491000259113
2024/03/08/12:00,0.5368171856187036,0.4033458613384545,0.5387956959748825,0.9850815692012271,1.0808491000259113
2024/03/08/13:00,0.5368171856187036,0.4033458613384545,0.5387956959748825,0.9850815692012271,1.0808491000259113
2024/03/08/14:00,0.5368171856187036,0.4033458613384545,0.5387956959748825,0.9850815692012271,1.0808491000259113
2024/03/08/15:00,0.5368171856187036,0.4033458613384545,0.5387956959748825,1.0133777757456615,1.081710895706644
2024/03/11/09:00,0.5368171856187036,0.4033458613384545,0.5387956959748825,1.0133777757456615,1.081710895706644
2024/03/11/10:00,0.5368171856187036,0.4033458613384545,0.5387956959748825,1.0133777757456615,1.081710895706644
2024/03/11/11:00,0.5368171856187036,0.42250110496395665,0.5387956959748825,1.0133777757456615,1.081710895706644
2024/03/11/12:00,0.5559710575648129,0.42250110496395665,0.5387956959748825,1.0133777757456615,1.081710895706644
2024/03/11/13:00,0.5294036547635398,0.42250110496395665,0.5350903022266935,1.0096723819974724,1.081710895706644
2024/03/11/14:00,0.5294036547635398,0.42250110496395665,0.5350903022266935,1.0096723819974724,1.081710895706644
2024/03/11/15:00,0.5394154664472006,0.45537355402130875,0.5451021139103545,1.0196841936811334,1.067337204517398
2024/03/12/09:00,0.5394154664472006,0.45537355402130875,0.5451021139103545,1.0196841936811334,1.067337204517398
2024/03/12/10:00,0.5394154664472006,0.45537355402130875,0.5451021139103545,1.0196841936811334,1.0941130263819687
2024/03/12/11:00,0.5394154664472006,0.45537355402130875,0.5451021139103545,1.0196841936811334,1.1132686357886423
2024/03/12/12:00,0.509799978662768,0.45537355402130875,0.5451021139103545,1.0196841936811334,1.1132686357886423
2024/03/12/13:00,0.5015210857604468,0.45537355402130875,0.5451021139103545,1.0196841936811334,1.1110863700791043
2024/03/12/14:00,0.4810491213631465,0.45537355402130875,0.5451021139103545,1.0196841936811334,1.1110863700791043
2024/03/12/15:00,0.5139186441711256,0.501960282261138,0.5916888421501836,1.0662709219209625,1.1637696340664239
2024/03/13/09:00,0.5139186441711256,0.501960282261138,0.5916888421501836,1.0662709219209625,1.1637696340664239
2024/03/13/10:00,0.5139186441711256,0.501960282261138,0.5483502964351565,1.0662709219209625,1.1637696340664239
2024/03/13/11:00,0.5139186441711256,0.501960282261138,0.529397893710086,1.0662709219209625,1.1637696340664239
2024/03/13/12:00,0.5139186441711256,0.501960282261138,0.529397893710086,1.0662709219209625,1.1637696340664239
2024/03/13/13:00,0.4568634874186528,0.444905125508665,0.529397893710086,1.0092157651684897,1.1637696340664239
2024/03/13/14:00,0.4568634874186528,0.444905125508665,0.529397893710086,1.0092157651684897,1.1637696340664239
2024/03/13/15:00,0.4568634874186528,0.444905125508665,0.5363542133418664,1.0092157651684897,1.1637696340664239
2024/03/14/09:00,0.4568634874186528,0.444905125508665,0.5363542133418664,1.0092157651684897,1.1637696340664239
2024/03/14/10:00,0.4568634874186528,0.444905125508665,0.5363542133418664,1.0092157651684897,1.1637696340664239
2024/03/14/11:00,0.4568634874186528,0.444905125508665,0.5363542133418664,1.0092157651684897,1.1637696340664239
2024/03/14/12:00,0.4568634874186528,0.444905125508665,0.5363542133418664,1.0092157651684897,1.1637696340664239
2024/03/14/13:00,0.4568634874186528,0.444905125508665,0.5363542133418664,1.0092157651684897,1.1637696340664239
2024/03/14/14:00,0.4568634874186528,0.444905125508665,0.5363542133418664,1.0092157651684897,1.1637696340664239
2024/03/14/15:00,0.5247794949171668,0.512821133007179,0.6042702208403805,1.0771317726670038,1.2072994985749832
2024/03/15/09:00,0.5247794949171668,0.512821133007179,0.6042702208403805,1.0771317726670038,1.2072994985749832
2024/03/15/10:00,0.5241144133022428,0.512821133007179,0.6042702208403805,1.0771317726670038,1.2072994985749832
2024/03/15/11:00,0.5241144133022428,0.512821133007179,0.567028119427551,1.0771317726670038,1.2072994985749832
2024/03/15/12:00,0.5241144133022428,0.5136823800161563,0.5678893664365282,1.0771317726670038,1.2072994985749832
2024/03/15/13:00,0.5241144133022428,0.5136823800161563,0.5535101885297113,1.0771317726670038,1.1502447076036817
2024/03/15/14:00,0.5241144133022428,0.5136823800161563,0.5535101885297113,1.0771317726670038,1.1502447076036817
2024/03/15/15:00,0.6057525642784211,0.46882235227775115,0.5833308947921898,1.0322717449285985,1.1502447076036817
2024/03/18/09:00,0.6057525642784211,0.46882235227775115,0.5833308947921898,1.0322717449285985,1.1502447076036817
2024/03/18/10:00,0.6057525642784211,0.46882235227775115,0.5833308947921898,1.0322717449285985,1.1502447076036817
2024/03/18/11:00,0.6057525642784211,0.46882235227775115,0.5833308947921898,1.0322717449285985,1.1502447076036817
2024/03/18/12:00,0.6057525642784211,0.46882235227775115,0.5833308947921898,1.0322717449285985,1.1502447076036817
2024/03/18/13:00,0.6057525642784211,0.46882235227775115,0.5833308947921898,1.0322717449285985,1.1502447076036817
2024/03/18/14:00,0.6057525642784211,0.46882235227775115,0.5833308947921898,1.0322717449285985,1.1502447076036817
2024/03/18/15:00,0.6127095240272513,0.4757793120265814,0.6116257296572314,1.0322717449285985,1.1754912745949782
2024/03/19/09:00,0.6127095240272513,0.4757793120265814,0.6116257296572314,1.0322717449285985,1.1754912745949782
2024/03/19/10:00,0.6127095240272513,0.4757793120265814,0.6116257296572314,1.0322717449285985,1.1754912745949782
2024/03/19/11:00,0.6127095240272513,0.4757793120265814,0.6116257296572314,1.0322717449285985,1.1754912745949782
2024/03/19/12:00,0.6127095240272513,0.4757793120265814,0.6116257296572314,1.0322717449285985,1.1754912745949782
2024/03/19/13:00,0.5754774815966358,0.4385472695959659,0.6116257296572314,1.0011358724643002,1.1443554021306799
2024/03/19/14:00,0.5641541615228709,0.4385472695959659,0.6116257296572314,0.9898125523905354,1.133032082056915
2024/03/19/15:00,0.5284446984591495,0.46227692682852684,0.5804883940682475,0.9541030893268141,1.0973226189931935
2024/03/20/09:00,0.5284446984591495,0.46227692682852684,0.5804883940682475,0.9541030893268141,1.0973226189931935
2024/03/20/10:00,0.5284446984591495,0.46227692682852684,0.5804883940682475,0.9541030893268141,1.0973226189931935
2024/03/20/11:00,0.5284446984591495,0.46227692682852684,0.5804883940682475,0.9541030893268141,1.0973226189931935
2024/03/20/12:00,0.5284446984591495,0.46227692682852684,0.5804883940682475,0.9541030893268141,1.0973226189931935
2024/03/20/13:00,0.5284446984591495,0.46227692682852684,0.5804883940682475,0.9541030893268141,1.0973226189931935
2024/03/20/14:00,0.5284446984591495,0.46227692682852684,0.5804883940682475,0.9541030893268141,1.0973226189931935
2024/03/20/15:00,0.5262531053297388,0.5317196287321133,0.6499310959718341,1.0235457912304007,1.1378067760962056
2024/03/21/09:00,0.5262531053297388,0.5317196287321133,0.6499310959718341,1.0235457912304007,1.1378067760962056
2024/03/21/10:00,0.5262531053297388,0.5317196287321133,0.6499310959718341,1.0235457912304007,1.1378067760962056
2024/03/21/11:00,0.5262531053297388,0.5317196287321133,0.6499310959718341,1.0235457912304007,1.1378067760962056
2024/03/21/12:00,0.5262531053297388,0.5317196287321133,0.6499310959718341,1.0235457912304007,1.1378067760962056
2024/03/21/13:00,0.5262531053297388,0.5317196287321133,0.6499310959718341,1.0235457912304007,1.1378067760962056
2024/03/21/14:00,0.5262531053297388,0.5317196287321133,0.6499310959718341,1.0235457912304007,1.1378067760962056
2024/03/21/15:00,0.6535940591041429,0.5615160105466928,0.7772720497462382,1.1508867450048048,1.2651477298706097
2024/03/22/09:00,0.6535940591041429,0.5615160105466928,0.7772720497462382,1.1508867450048048,1.2651477298706097
2024/03/22/10:00,0.6535940591041429,0.5615160105466928,0.7772720497462382,1.1508867450048048,1.209593891454442
2024/03/22/11:00,0.5949922728727559,0.5615160105466928,0.7186702635148512,1.1578223980004,1.209593891454442
2024/03/22/12:00,0.5949922728727559,0.5615160105466928,0.7186702635148512,1.0992234465730915,1.209593891454442
2024/03/22/13:00,0.5949922728727559,0.5615160105466928,0.7186702635148512,1.0992234465730915,1.240915687439994
2024/03/22/14:00,0.5949922728727559,0.5615160105466928,0.7186702635148512,1.0992234465730915,1.240915687439994
2024/03/22/15:00,0.5949922728727559,0.5943619404691174,0.7186702635148512,1.0992234465730915,1.238708548610798
2024/03/25/09:00,0.5949922728727559,0.5943619404691174,0.7186702635148512,1.0992234465730915,1.238708548610798
2024/03/25/10:00,0.5949922728727559,0.5943619404691174,0.7186702635148512,1.0992234465730915,1.238708548610798
2024/03/25/11:00,0.5949922728727559,0.5943619404691174,0.7560888695837704,1.0992234465730915,1.238708548610798
2024/03/25/12:00,0.5949922728727559,0.5943619404691174,0.7560888695837704,1.0992234465730915,1.238708548610798
2024/03/25/13:00,0.5949922728727559,0.5943619404691174,0.709685138615822,1.0992234465730915,1.238708548610798
2024/03/25/14:00,0.5949922728727559,0.5943619404691174,0.6724262112691057,1.0992234465730915,1.238708548610798
2024/03/25/15:00,0.6263159892094579,0.6256856568058193,0.6595519637876606,1.1579799277582221,1.2166894975081206
2024/03/26/09:00,0.6263159892094579,0.6256856568058193,0.6595519637876606,1.1579799277582221,1.2166894975081206
2024/03/26/10:00,0.6263159892094579,0.6256856568058193,0.6595519637876606,1.1579799277582221,1.2166894975081206
2024/03/26/11:00,0.6263159892094579,0.6256856568058193,0.6595519637876606,1.1579799277582221,1.2166894975081206
2024/03/26/12:00,0.6263159892094579,0.6256856568058193,0.6595519637876606,1.1579799277582221,1.2166894975081206
2024/03/26/13:00,0.5677104079984172,0.6256856568058193,0.6595519637876606,1.1579799277582221,1.2166894975081206
2024/03/26/14:00,0.5677104079984172,0.6256856568058193,0.6595519637876606,1.1579799277582221,1.2166894975081206
2024/03/26/15:00,0.5677104079984172,0.576225336442476,0.6100916434243172,1.1085196073948789,1.1672291771447774
2024/03/27/09:00,0.5677104079984172,0.576225336442476,0.6100916434243172,1.1085196073948789,1.1672291771447774
2024/03/27/10:00,0.5677104079984172,0.576225336442476,0.6100916434243172,1.1085196073948789,1.1672291771447774
2024/03/27/11:00,0.5677104079984172,0.576225336442476,0.6100916434243172,1.1085196073948789,1.1672291771447774
2024/03/27/12:00,0.5677104079984172,0.576225336442476,0.6100916434243172,1.1085196073948789,1.1672291771447774
2024/03/27/13:00,0.5677104079984172,0.576225336442476,0.6100916434243172,1.1085196073948789,1.1672291771447774
2024/03/27/14:00,0.5677104079984172,0.576225336442476,0.6100916434243172,1.1085196073948789,1.1672291771447774
2024/03/27/15:00,0.5700703671528538,0.5724889427400077,0.606355249721849,1.1047832136924107,1.1650169173791818
2024/03/28/09:00,0.5700703671528538,0.5724889427400077,0.606355249721849,1.1047832136924107,1.1650169173791818
2024/03/28/10:00,0.5297564964260157,0.5724889427400077,0.566041378995011,1.1047832136924107,1.1650169173791818
2024/03/28/11:00,0.48944262569917785,0.5724889427400077,0.5257275082681729,1.1047832136924107,1.1650169173791818
2024/03/28/12:00,0.48944262569917785,0.5724889427400077,0.5257275082681729,1.1047832136924107,1.1650169173791818
2024/03/28/13:00,0.48944262569917785,0.5724889427400077,0.5257275082681729,1.1047832136924107,1.1650169173791818
2024/03/28/14:00,0.48944262569917785,0.5724889427400077,0.5257275082681729,1.1047832136924107,1.1650169173791818
2024/03/28/15:00,0.45979705241339464,0.5428433694542246,0.49608193498238984,1.0751376404066275,1.1353713440933986
2024/03/29/09:00,0.45979705241339464,0.5428433694542246,0.49608193498238984,1.0751376404066275,1.1353713440933986
2024/03/29/10:00,0.45979705241339464,0.5428433694542246,0.49608193498238984,1.0751376404066275,1.1353713440933986
2024/03/29/11:00,0.45979705241339464,0.5428433694542246,0.49608193498238984,1.0751376404066275,1.1353713440933986
2024/03/29/12:00,0.45979705241339464,0.5428433694542246,0.49608193498238984,1.0751376404066275,1.1353713440933986
2024/03/29/13:00,0.45979705241339464,0.5428433694542246,0.49608193498238984,1.0751376404066275,1.1353713440933986
2024/03/29/14:00,0.45979705241339464,0.5428433694542246,0.49608193498238984,1.0751376404066275,1.1353713440933986
2024/03/29/15:00,0.471299986283208,0.5543463033240381,0.5075848688522033,1.086640574276441,1.146874277963212
2024/04/01/09:00,0.471299986283208,0.5543463033240381,0.5075848688522033,1.086640574276441,1.146874277963212
2024/04/01/10:00,0.471299986283208,0.5543463033240381,0.5075848688522033,1.086640574276441,1.146874277963212
2024/04/01/11:00,0.471299986283208,0.5543463033240381,0.5075848688522033,1.086640574276441,1.146874277963212
2024/04/01/12:00,0.471299986283208,0.5543463033240381,0.5075848688522033,1.086640574276441,1.146874277963212
2024/04/01/13:00,0.471299986283208,0.5543463033240381,0.5075848688522033,1.086640574276441,1.146874277963212
2024/04/01/14:00,0.471299986283208,0.5543463033240381,0.47793536341882914,1.086640574276441,1.146874277963212
2024/04/01/15:00,0.5087114596192848,0.5543463033240381,0.5001064118391118,1.0341304314693756,1.146874277963212
2024/04/02/09:00,0.5087114596192848,0.5543463033240381,0.5001064118391118,1.0341304314693756,1.146874277963212
2024/04/02/10:00,0.5087114596192848,0.5543463033240381,0.5001064118391118,0.9983850304055609,1.146874277963212
2024/04/02/11:00,0.4501036837212158,0.5543463033240381,0.5001064118391118,0.9983850304055609,1.146874277963212
2024/04/02/12:00,0.4501036837212158,0.5543463033240381,0.5001064118391118,0.9983850304055609,1.146874277963212
2024/04/02/13:00,0.4501036837212158,0.5543463033240381,0.5001064118391118,0.9983850304055609,1.146874277963212
2024/04/02/14:00,0.4501036837212158,0.5543463033240381,0.5001064118391118,0.9983850304055609,1.146874277963212
2024/04/02/15:00,0.4501036837212158,0.5506057945833915,0.4963659030984652,0.9946445216649143,1.146874277963212
2024/04/03/09:00,0.4501036837212158,0.5506057945833915,0.4963659030984652,0.9946445216649143,1.146874277963212
2024/04/03/10:00,0.4501036837212158,0.5506057945833915,0.4963659030984652,0.9946445216649143,1.146874277963212
2024/04/03/11:00,0.4501036837212158,0.5506057945833915,0.4963659030984652,0.9946445216649143,1.146874277963212
2024/04/03/12:00,0.4501036837212158,0.5506057945833915,0.4963659030984652,0.9946445216649143,1.146874277963212
2024/04/03/13:00,0.4501036837212158,0.5506057945833915,0.4963659030984652,0.9946445216649143,1.146874277963212
2024/04/03/14:00,0.4753293097404504,0.5506057945833915,0.4963659030984652,0.9946445216649143,1.146874277963212
2024/04/03/15:00,0.4472134485544057,0.6032658314663262,0.5490259399813999,1.0168237087162608,1.1995343148461468
2024/04/04/09:00,0.4472134485544057,0.6032658314663262,0.5490259399813999,1.0168237087162608,1.1995343148461468
2024/04/04/10:00,0.4472134485544057,0.6032658314663262,0.5490259399813999,1.0168237087162608,1.1995343148461468
2024/04/04/11:00,0.4472134485544057,0.6032658314663262,0.5490259399813999,1.0168237087162608,1.1995343148461468
2024/04/04/12:00,0.4472134485544057,0.5690460274640698,0.5490259399813999,1.0168237087162608,1.1995343148461468
2024/04/04/13:00,0.4587156508618746,0.547019294956791,0.5490259399813999,1.0168237087162608,1.1995343148461468
2024/04/04/14:00,0.4587156508618746,0.547019294956791,0.5490259399813999,1.0168237087162608,1.1995343148461468
2024/04/04/15:00,0.4885063630682971,0.5768100071632135,0.5300454635514236,1.034421349427706,1.217131955557592
2024/04/05/09:00,0.4885063630682971,0.5768100071632135,0.5300454635514236,1.034421349427706,1.217131955557592
2024/04/05/10:00,0.4885063630682971,0.5768100071632135,0.4714437230426828,0.9758196089189652,1.1585302150488512
2024/04/05/11:00,0.4885063630682971,0.5768100071632135,0.4714437230426828,0.9758196089189652,1.1585302150488512
2024/04/05/12:00,0.5396391568744022,0.5768100071632135,0.4714437230426828,0.9758196089189652,1.1585302150488512
2024/04/05/13:00,0.5237140810510136,0.5768100071632135,0.4714437230426828,0.9758196089189652,1.1585302150488512
2024/04/05/14:00,0.5237140810510136,0.5768100071632135,0.4714437230426828,0.9758196089189652,1.1585302150488512
2024/04/05/15:00,0.5260786124700928,0.6462324082117865,0.4714437230426828,0.9758196089189652,1.1585302150488512
2024/04/08/09:00,0.5260786124700928,0.6462324082117865,0.4714437230426828,0.9758196089189652,1.1585302150488512
2024/04/08/10:00,0.5260786124700928,0.6462324082117865,0.4714437230426828,0.9758196089189652,1.1585302150488512
2024/04/08/11:00,0.549777726974839,0.6462324082117865,0.4714437230426828,0.9758196089189652,1.1585302150488512
2024/04/08/12:00,0.549777726974839,0.6462324082117865,0.4814270952402663,0.9644657461173857,1.1471763522472715
2024/04/08/13:00,0.5567113681739916,0.6287813695456699,0.508174934845222,0.9644657461173857,1.1471763522472715
2024/04/08/14:00,0.5567113681739916,0.6287813695456699,0.5105366314602211,0.9393946778839559,1.1471763522472715
2024/04/08/15:00,0.5514526694405095,0.6235226708121879,0.5083262006004825,0.9371842470242174,1.1236294179507145
2024/04/09/09:00,0.5514526694405095,0.6235226708121879,0.5083262006004825,0.9371842470242174,1.1236294179507145
2024/04/09/10:00,0.49284987731090113,0.5649198786825795,0.4497234084708741,0.8785814548946089,1.065026625821106
2024/04/09/11:00,0.49284987731090113,0.5649198786825795,0.4497234084708741,0.8785814548946089,1.065026625821106
2024/04/09/12:00,0.49284987731090113,0.5649198786825795,0.4497234084708741,0.8785814548946089,1.065026625821106
2024/04/09/13:00,0.49284987731090113,0.5649198786825795,0.4497234084708741,0.8785814548946089,1.065026625821106
2024/04/09/14:00,0.49284987731090113,0.5649198786825795,0.4497234084708741,0.8785814548946089,1.065026625821106
2024/04/09/15:00,0.49284987731090113,0.5649198786825795,0.4497234084708741,0.8785814548946089,1.065026625821106
2024/04/11/09:00,0.49284987731090113,0.5649198786825795,0.4497234084708741,0.8785814548946089,1.065026625821106
2024/04/11/10:00,0.43578356423270015,0.5078535656043786,0.39265709539267313,0.821515141816408,1.007960312742905
2024/04/11/11:00,0.43578356423270015,0.5078535656043786,0.39265709539267313,0.821515141816408,1.007960312742905
2024/04/11/12:00,0.43578356423270015,0.5078535656043786,0.39265709539267313,0.821515141816408,1.007960312742905
2024/04/11/13:00,0.43578356423270015,0.5078535656043786,0.39265709539267313,0.821515141816408,1.007960312742905
2024/04/11/14:00,0.43578356423270015,0.5078535656043786,0.39265709539267313,0.821515141816408,1.007960312742905
2024/04/11/15:00,0.43578356423270015,0.5078535656043786,0.39265709539267313,0.821515141816408,1.007960312742905
2024/04/12/09:00,0.43578356423270015,0.5078535656043786,0.39265709539267313,0.821515141816408,1.007960312742905
2024/04/12/10:00,0.43578356423270015,0.5078535656043786,0.39265709539267313,0.821515141816408,1.007960312742905
2024/04/12/11:00,0.37718996235502344,0.44925996372670185,0.3340634935149964,0.7629215399387312,0.9493667108652284
2024/04/12/12:00,0.37718996235502344,0.44925996372670185,0.3340634935149964,0.7629215399387312,0.9493667108652284
2024/04/12/13:00,0.37718996235502344,0.44925996372670185,0.3340634935149964,0.7629215399387312,0.9493667108652284
2024/04/12/14:00,0.37718996235502344,0.44925996372670185,0.3340634935149964,0.7629215399387312,0.9493667108652284
2024/04/12/15:00,0.37718996235502344,0.44925996372670185,0.3340634935149964,0.7629215399387312,0.9493667108652284
2024/04/15/09:00,0.37718996235502344,0.44925996372670185,0.3340634935149964,0.7629215399387312,0.9493667108652284
2024/04/15/10:00,0.37718996235502344,0.44925996372670185,0.3340634935149964,0.7629215399387312,0.9493667108652284
2024/04/15/11:00,0.37718996235502344,0.44925996372670185,0.3340634935149964,0.7629215399387312,0.9493667108652284
2024/04/15/12:00,0.37718996235502344,0.44925996372670185,0.3340634935149964,0.7629215399387312,0.9493667108652284
2024/04/15/13:00,0.37718996235502344,0.44925996372670185,0.3340634935149964,0.7629215399387312,0.89230753051987
2024/04/15/14:00,0.3201299132793829,0.3921999146510613,0.2770034444393559,0.7058614908630908,0.89230753051987
2024/04/15/15:00,0.3201299132793829,0.3921999146510613,0.2770034444393559,0.7058614908630908,0.89230753051987
2024/04/16/09:00,0.3201299132793829,0.3921999146510613,0.2770034444393559,0.7058614908630908,0.89230753051987
2024/04/16/10:00,0.3201299132793829,0.3921999146510613,0.2770034444393559,0.7058614908630908,0.89230753051987
2024/04/16/11:00,0.3201299132793829,0.3921999146510613,0.2770034444393559,0.7058614908630908,0.89230753051987
2024/04/16/12:00,0.3201299132793829,0.3921999146510613,0.2770034444393559,0.7058614908630908,0.89230753051987
2024/04/16/13:00,0.3201299132793829,0.3921999146510613,0.2770034444393559,0.7058614908630908,0.89230753051987
2024/04/16/14:00,0.3201299132793829,0.3921999146510613,0.2770034444393559,0.7058614908630908,0.89230753051987
2024/04/16/15:00,0.29661425327298174,0.36868425464466015,0.2565358694161143,0.6823458308566897,0.8687918705134688
2024/04/17/09:00,0.29661425327298174,0.36868425464466015,0.2565358694161143,0.6823458308566897,0.8687918705134688
2024/04/17/10:00,0.29661425327298174,0.36868425464466015,0.2565358694161143,0.6823458308566897,0.8687918705134688
2024/04/17/11:00,0.29661425327298174,0.36868425464466015,0.2565358694161143,0.6823458308566897,0.8687918705134688
2024/04/17/12:00,0.29661425327298174,0.36868425464466015,0.20101719171504884,0.6823458308566897,0.8132731928124035
2024/04/17/13:00,0.29661425327298174,0.36868425464466015,0.20101719171504884,0.6823458308566897,0.8132731928124035
2024/04/17/14:00,0.29661425327298174,0.36868425464466015,0.20101719171504884,0.6823458308566897,0.8132731928124035
2024/04/17/15:00,0.4102687272339346,0.482338728605613,0.20101719171504884,0.7960003048176425,0.8132731928124035
2024/04/18/09:00,0.4102687272339346,0.482338728605613,0.20101719171504884,0.7960003048176425,0.8132731928124035
2024/04/18/10:00,0.4102687272339346,0.482338728605613,0.20101719171504884,0.7960003048176425,0.8132731928124035
2024/04/18/11:00,0.4102687272339346,0.482338728605613,0.20101719171504884,0.7557172511544961,0.7729901391492571
2024/04/18/12:00,0.4102687272339346,0.482338728605613,0.20101719171504884,0.7557172511544961,0.7729901391492571
2024/04/18/13:00,0.4102687272339346,0.482338728605613,0.20101719171504884,0.7557172511544961,0.7729901391492571
2024/04/18/14:00,0.4102687272339346,0.482338728605613,0.20101719171504884,0.7557172511544961,0.7729901391492571
2024/04/18/15:00,0.4507611144133036,0.5426448569643224,0.26132332007375825,0.7763958971545263,0.7936687851492873
2024/04/19/09:00,0.4507611144133036,0.5426448569643224,0.26132332007375825,0.7763958971545263,0.7936687851492873
2024/04/19/10:00,0.4507611144133036,0.5426448569643224,0.26132332007375825,0.7763958971545263,0.7936687851492873
2024/04/19/11:00,0.4507611144133036,0.5426448569643224,0.26132332007375825,0.7763958971545263,0.7936687851492873
2024/04/19/12:00,0.4507611144133036,0.5426448569643224,0.26132332007375825,0.7763958971545263,0.7936687851492873
2024/04/19/13:00,0.4507611144133036,0.5426448569643224,0.26132332007375825,0.7757496532699302,0.7936687851492873
2024/04/19/14:00,0.4507611144133036,0.5426448569643224,0.26132332007375825,0.7757496532699302,0.7936687851492873
2024/04/19/15:00,0.42572872753875257,0.5176124700897715,0.23629093319920735,0.7994880892506033,0.7686363982747364
2024/04/22/09:00,0.42572872753875257,0.5176124700897715,0.23629093319920735,0.7994880892506033,0.7686363982747364
2024/04/22/10:00,0.42572872753875257,0.46209415816987753,0.18077262127931337,0.7994880892506033,0.7686363982747364
2024/04/22/11:00,0.42572872753875257,0.46209415816987753,0.18077262127931337,0.7994880892506033,0.7686363982747364
2024/04/22/12:00,0.42572872753875257,0.46209415816987753,0.18077262127931337,0.7994880892506033,0.7686363982747364
2024/04/22/13:00,0.42572872753875257,0.46209415816987753,0.18077262127931337,0.7994880892506033,0.7686363982747364
2024/04/22/14:00,0.42572872753875257,0.46209415816987753,0.18077262127931337,0.7994880892506033,0.7686363982747364
2024/04/22/15:00,0.5195690030939007,0.46209415816987753,0.18077262127931337,0.8933283648057515,0.8624766738298845
2024/04/23/09:00,0.5195690030939007,0.46209415816987753,0.18077262127931337,0.8933283648057515,0.8624766738298845
2024/04/23/10:00,0.5195690030939007,0.46209415816987753,0.18077262127931337,0.8933283648057515,0.8624766738298845
2024/04/23/11:00,0.5195690030939007,0.46209415816987753,0.18077262127931337,0.8933283648057515,0.8624766738298845
2024/04/23/12:00,0.5195690030939007,0.46209415816987753,0.18077262127931337,0.8933283648057515,0.8624766738298845
2024/04/23/13:00,0.5195690030939007,0.46209415816987753,0.18077262127931337,0.8933283648057515,0.8624766738298845
2024/04/23/14:00,0.4960526115251567,0.46209415816987753,0.1572562297105694,0.8933283648057515,0.8624766738298845
2024/04/23/15:00,0.48168102357764664,0.4522941490253479,0.14288464176305937,0.8835283556612219,0.8526766646853549
2024/04/24/09:00,0.48168102357764664,0.4522941490253479,0.14288464176305937,0.8835283556612219,0.8526766646853549
2024/04/24/10:00,0.48168102357764664,0.4522941490253479,0.14288464176305937,0.8835283556612219,0.8526766646853549
2024/04/24/11:00,0.48168102357764664,0.4522941490253479,0.14288464176305937,0.8835283556612219,0.8526766646853549
2024/04/24/12:00,0.48168102357764664,0.4522941490253479,0.14288464176305937,0.8835283556612219,0.8526766646853549
2024/04/24/13:00,0.48168102357764664,0.4522941490253479,0.14288464176305937,0.8835283556612219,0.8526766646853549
2024/04/24/14:00,0.48168102357764664,0.4522941490253479,0.14288464176305937,0.8835283556612219,0.8526766646853549
2024/04/24/15:00,0.4916831420602651,0.4622962675079664,0.15288676024567782,0.8935304741438403,0.8526766646853549
2024/04/25/09:00,0.4916831420602651,0.4622962675079664,0.15288676024567782,0.8935304741438403,0.8526766646853549
2024/04/25/10:00,0.5215055857833077,0.4622962675079664,0.12174567539968695,0.8935304741438403,0.8526766646853549
2024/04/25/11:00,0.5360876045905564,0.4622962675079664,0.12174567539968695,0.8935304741438403,0.8526766646853549
2024/04/25/12:00,0.5360876045905564,0.4622962675079664,0.12174567539968695,0.8935304741438403,0.8413499611357527
2024/04/25/13:00,0.5360876045905564,0.4622962675079664,0.12174567539968695,0.8935304741438403,0.8437404630180005
2024/04/25/14:00,0.5360876045905564,0.4622962675079664,0.12174567539968695,0.8935304741438403,0.8437404630180005
2024/04/25/15:00,0.5994419093777181,0.510410147379334,0.16985955527105456,0.941644354015208,0.8080299026107632
2024/04/26/09:00,0.5994419093777181,0.510410147379334,0.16985955527105456,0.941644354015208,0.8080299026107632
2024/04/26/10:00,0.5972560773017572,0.510410147379334,0.16985955527105456,0.941644354015208,0.8080299026107632
2024/04/26/11:00,0.5972560773017572,0.510410147379334,0.16985955527105456,0.941644354015208,0.8080299026107632
2024/04/26/12:00,0.5972560773017572,0.510410147379334,0.16985955527105456,0.941644354015208,0.8080299026107632
2024/04/26/13:00,0.5972560773017572,0.510410147379334,0.16985955527105456,0.941644354015208,0.8317528843369458
2024/04/26/14:00,0.5972560773017572,0.510410147379334,0.16985955527105456,0.941644354015208,0.8317528843369458
2024/04/26/15:00,0.5965942877173761,0.5112724917318254,0.170721899623546,0.9394585219392471,0.853951732126256
2024/04/29/09:00,0.5965942877173761,0.5112724917318254,0.170721899623546,0.9394585219392471,0.853951732126256
2024/04/29/10:00,0.5965942877173761,0.5112724917318254,0.170721899623546,0.9189776873485417,0.853951732126256
2024/04/29/11:00,0.5965942877173761,0.5112724917318254,0.170721899623546,0.9189776873485417,0.853951732126256
2024/04/29/12:00,0.5965942877173761,0.5112724917318254,0.170721899623546,0.9189776873485417,0.853951732126256
2024/04/29/13:00,0.5965942877173761,0.5112724917318254,0.170721899623546,0.9189776873485417,0.853951732126256
2024/04/29/14:00,0.5965942877173761,0.5112724917318254,0.170721899623546,0.9189776873485417,0.853951732126256
2024/04/29/15:00,0.617263789188121,0.5319419932025702,0.19139140109429087,0.9198334476399477,0.8746212335970007
2024/04/30/09:00,0.617263789188121,0.5319419932025702,0.19139140109429087,0.9198334476399477,0.8746212335970007
2024/04/30/10:00,0.617263789188121,0.5319419932025702,0.19139140109429087,0.9198334476399477,0.8746212335970007
2024/04/30/11:00,0.617263789188121,0.5319419932025702,0.19139140109429087,0.9198334476399477,0.8746212335970007
2024/04/30/12:00,0.617263789188121,0.5319419932025702,0.19139140109429087,0.9198334476399477,0.8746212335970007
2024/04/30/13:00,0.617263789188121,0.5319419932025702,0.19139140109429087,0.9198334476399477,0.8746212335970007
2024/04/30/14:00,0.5601994879063628,0.4748776919208121,0.13432709981253266,0.8627691463581895,0.8175569323152425
2024/04/30/15:00,0.5601994879063628,0.4748776919208121,0.13432709981253266,0.8627691463581895,0.8175569323152425
2024/05/02/09:00,0.5601994879063628,0.4748776919208121,0.13432709981253266,0.8627691463581895,0.8175569323152425
2024/05/02/10:00,0.5601994879063628,0.4748776919208121,0.13432709981253266,0.8627691463581895,0.8175569323152425
2024/05/02/11:00,0.5601994879063628,0.4748776919208121,0.13432709981253266,0.8627691463581895,0.8175569323152425
2024/05/02/12:00,0.5601994879063628,0.4748776919208121,0.13432709981253266,0.8627691463581895,0.8175569323152425
2024/05/02/13:00,0.5601994879063628,0.4748776919208121,0.13432709981253266,0.8627691463581895,0.8175569323152425
2024/05/02/14:00,0.5601994879063628,0.4748776919208121,0.12756164174782014,0.8627691463581895,0.8175569323152425
2024/05/02/15:00,0.5601994879063628,0.4635401063813621,0.13146512124121257,0.8392384893237603,0.8062193467757925
2024/05/03/09:00,0.5601994879063628,0.4635401063813621,0.13146512124121257,0.8392384893237603,0.8062193467757925
2024/05/03/10:00,0.5601994879063628,0.4635401063813621,0.13146512124121257,0.8392384893237603,0.8062193467757925
2024/05/03/11:00,0.5601994879063628,0.4635401063813621,0.13146512124121257,0.8392384893237603,0.8062193467757925
2024/05/03/12:00,0.5601994879063628,0.4635401063813621,0.13146512124121257,0.8392384893237603,0.8062193467757925
2024/05/03/13:00,0.5601994879063628,0.4635401063813621,0.13146512124121257,0.8392384893237603,0.8062193467757925
2024/05/03/14:00,0.5031375642022187,0.406478182677218,0.07440319753706859,0.7821765656196163,0.7491574230716485
2024/05/03/15:00,0.5031375642022187,0.406478182677218,0.07440319753706859,0.7821765656196163,0.7491574230716485
2024/05/07/09:00,0.5031375642022187,0.406478182677218,0.07440319753706859,0.7821765656196163,0.7491574230716485
2024/05/07/10:00,0.5031375642022187,0.406478182677218,0.07440319753706859,0.7821765656196163,0.7491574230716485
2024/05/07/11:00,0.5031375642022187,0.406478182677218,0.07440319753706859,0.7821765656196163,0.7491574230716485
2024/05/07/12:00,0.5031375642022187,0.406478182677218,0.07440319753706859,0.7821765656196163,0.7491574230716485
2024/05/07/13:00,0.5031375642022187,0.406478182677218,0.07440319753706859,0.7821765656196163,0.7491574230716485
2024/05/07/14:00,0.5031375642022187,0.406478182677218,0.07440319753706859,0.7821765656196163,0.7491574230716485
2024/05/07/15:00,0.5314125554387111,0.4347531739137105,0.10267818877356105,0.8104515568561088,0.7713358785606522
2024/05/08/09:00,0.5314125554387111,0.4347531739137105,0.10267818877356105,0.8104515568561088,0.7713358785606522
2024/05/08/10:00,0.5314125554387111,0.4347531739137105,0.10267818877356105,0.8104515568561088,0.7713358785606522
2024/05/08/11:00,0.5314125554387111,0.4347531739137105,0.10267818877356105,0.8104515568561088,0.7713358785606522
2024/05/08/12:00,0.5314125554387111,0.4347531739137105,0.10267818877356105,0.8104515568561088,0.7713358785606522
2024/05/08/13:00,0.5314125554387111,0.4347531739137105,0.10267818877356105,0.8104515568561088,0.7713358785606522
2024/05/08/14:00,0.5314125554387111,0.4347531739137105,0.10267818877356105,0.8104515568561088,0.7713358785606522
2024/05/08/15:00,0.5749259597945566,0.478266578269556,0.14619159312940644,0.8539649612119543,0.8148492829164977
2024/05/09/09:00,0.5749259597945566,0.478266578269556,0.14619159312940644,0.8539649612119543,0.8148492829164977
2024/05/09/10:00,0.5749259597945566,0.478266578269556,0.14619159312940644,0.8539649612119543,0.8148492829164977
2024/05/09/11:00,0.5163262768049052,0.41966689527990453,0.08759191013975509,0.7953652782223029,0.8148492829164977
2024/05/09/12:00,0.5163262768049052,0.41966689527990453,0.08759191013975509,0.7953652782223029,0.7562518403365213
2024/05/09/13:00,0.5163262768049052,0.41966689527990453,0.08759191013975509,0.7953652782223029,0.7562518403365213
2024/05/09/14:00,0.5163262768049052,0.41966689527990453,0.08759191013975509,0.7953652782223029,0.7562518403365213
2024/05/09/15:00,0.5163262768049052,0.41966689527990453,0.08759191013975509,0.7953652782223029,0.7562518403365213
2024/05/10/09:00,0.5163262768049052,0.41966689527990453,0.08759191013975509,0.7953652782223029,0.7562518403365213
2024/05/10/10:00,0.5163262768049052,0.41966689527990453,0.08759191013975509,0.7953652782223029,0.7562518403365213
2024/05/10/11:00,0.5163262768049052,0.36106862969229225,0.028993644552142817,0.7367670126346906,0.697653574748909
2024/05/10/12:00,0.5163262768049052,0.36106862969229225,0.028993644552142817,0.7367670126346906,0.697653574748909
2024/05/10/13:00,0.5163262768049052,0.36106862969229225,0.028993644552142817,0.7367670126346906,0.697653574748909
2024/05/10/14:00,0.5674622711962602,0.36106862969229225,0.028993644552142817,0.7367670126346906,0.697653574748909
2024/05/10/15:00,0.5652567783823358,0.36106862969229225,0.028993644552142817,0.7367670126346906,0.697653574748909
2024/05/13/09:00,0.5652567783823358,0.36106862969229225,0.028993644552142817,0.7367670126346906,0.697653574748909
2024/05/13/10:00,0.5158039565330081,0.36106862969229225,-0.020459177297184716,0.7367670126346906,0.697653574748909
2024/05/13/11:00,0.5410336975904213,0.30247205584259784,-0.020459177297184716,0.6781704387849962,0.6390570008992146
2024/05/13/12:00,0.5410336975904213,0.30247205584259784,-0.020459177297184716,0.6781704387849962,0.6390570008992146
2024/05/13/13:00,0.5098738664593954,0.30247205584259784,-0.020459177297184716,0.6781704387849962,0.6390570008992146
2024/05/13/14:00,0.5098738664593954,0.30247205584259784,0.016963635255205722,0.6781704387849962,0.6390570008992146
2024/05/13/15:00,0.46652096383339203,0.30247205584259784,0.04067006538338014,0.6781704387849962,0.6390570008992146
2024/05/14/09:00,0.46652096383339203,0.30247205584259784,0.04067006538338014,0.6781704387849962,0.6390570008992146
2024/05/14/10:00,0.4566957157880348,0.30247205584259784,0.04067006538338014,0.6781704387849962,0.6390570008992146
2024/05/14/11:00,0.45449113742703895,0.30247205584259784,0.03236885982960269,0.6781704387849962,0.6390570008992146
2024/05/14/12:00,0.43857017664182874,0.30247205584259784,0.03236885982960269,0.6781704387849962,0.6390570008992146
2024/05/14/13:00,0.4272216176672363,0.30247205584259784,0.03236885982960269,0.6781704387849962,0.6390570008992146
2024/05/14/14:00,0.4272216176672363,0.30247205584259784,0.016446984591463987,0.6781704387849962,0.6390570008992146
2024/05/14/15:00,0.42501731364211903,0.2880746803225014,-0.00557106061299395,0.6637730632648997,0.6246596253791181
2024/05/16/09:00,0.42501731364211903,0.2880746803225014,-0.00557106061299395,0.6637730632648997,0.6246596253791181
2024/05/16/10:00,0.42501731364211903,0.2880746803225014,-0.00557106061299395,0.6637730632648997,0.6246596253791181
2024/05/16/11:00,0.42501731364211903,0.2880746803225014,-0.00557106061299395,0.6637730632648997,0.6246596253791181
2024/05/16/12:00,0.42501731364211903,0.2880746803225014,-0.00557106061299395,0.6637730632648997,0.6246596253791181
2024/05/16/13:00,0.42501731364211903,0.2880746803225014,-0.015403349945900757,0.6637730632648997,0.6246596253791181
2024/05/16/14:00,0.42501731364211903,0.2880746803225014,-0.015403349945900757,0.6637730632648997,0.6246596253791181
2024/05/16/15:00,0.4228056939935734,0.28586306067395584,-0.023711596787228117,0.6615614436163542,0.6224480057305726
2024/05/17/09:00,0.4228056939935734,0.28586306067395584,-0.023711596787228117,0.6615614436163542,0.6224480057305726
2024/05/17/10:00,0.4228056939935734,0.28586306067395584,-0.023711596787228117,0.6615614436163542,0.6224480057305726
2024/05/17/11:00,0.4228056939935734,0.28586306067395584,-0.023711596787228117,0.6615614436163542,0.6224480057305726
2024/05/17/12:00,0.4228056939935734,0.28586306067395584,-0.023711596787228117,0.6615614436163542,0.6224480057305726
2024/05/17/13:00,0.4228056939935734,0.28586306067395584,-0.023711596787228117,0.6615614436163542,0.6224480057305726
2024/05/17/14:00,0.4228056939935734,0.28586306067395584,0.035045524514952575,0.6615614436163542,0.6224480057305726
2024/05/17/15:00,0.5013765564750945,0.3309049883407291,0.01455243625500302,0.6913629463673333,0.6522495084815517
2024/05/20/09:00,0.5013765564750945,0.3309049883407291,0.01455243625500302,0.6913629463673333,0.6522495084815517
2024/05/20/10:00,0.5013765564750945,0.3309049883407291,0.01455243625500302,0.6913629463673333,0.6522495084815517
2024/05/20/11:00,0.5013765564750945,0.3309049883407291,-0.04405012726137336,0.6913629463673333,0.6522495084815517
2024/05/20/12:00,0.5013765564750945,0.3309049883407291,-0.04405012726137336,0.6913629463673333,0.6522495084815517
2024/05/20/13:00,0.5013765564750945,0.3515567494246604,-0.04405012726137336,0.6913629463673333,0.6522495084815517
2024/05/20/14:00,0.5013765564750945,0.34782383064332234,-0.04405012726137336,0.6913629463673333,0.6522495084815517
2024/05/20/15:00,0.47020904393946894,0.34409091186198426,-0.04405012726137336,0.7211589624007413,0.7094782893633902
2024/05/21/09:00,0.47020904393946894,0.34409091186198426,-0.04405012726137336,0.7211589624007413,0.7094782893633902
2024/05/21/10:00,0.47020904393946894,0.34409091186198426,-0.04405012726137336,0.7211589624007413,0.7094782893633902
2024/05/21/11:00,0.47020904393946894,0.34409091186198426,-0.04405012726137336,0.7402888756801212,0.7094782893633902
2024/05/21/12:00,0.47020904393946894,0.34409091186198426,-0.04405012726137336,0.7402888756801212,0.7057482968314217
2024/05/21/13:00,0.47020904393946894,0.34409091186198426,-0.04405012726137336,0.7213177266700159,0.6989702193162939
2024/05/21/14:00,0.47020904393946894,0.34409091186198426,-0.04405012726137336,0.7213177266700159,0.6989702193162939
2024/05/21/15:00,0.46038251566001176,0.3525534421532379,-0.05387665554083054,0.7084431134073992,0.6860956060536771
2024/05/22/09:00,0.46038251566001176,0.3525534421532379,-0.05387665554083054,0.7084431134073992,0.6860956060536771
2024/05/22/10:00,0.46038251566001176,0.3061498940758751,-0.05387665554083054,0.7084431134073992,0.6860956060536771
2024/05/22/11:00,0.46038251566001176,0.3061498940758751,-0.08351473031259782,0.6788050386356317,0.6564575312819096
2024/05/22/12:00,0.4017862161461959,0.3061498940758751,-0.06590748784540312,0.6964122811028264,0.6740647737491043
2024/05/22/13:00,0.4017862161461959,0.3061498940758751,-0.06590748784540312,0.6964122811028264,0.6740647737491043
2024/05/22/14:00,0.4017862161461959,0.3061498940758751,-0.05744504899944225,0.6964122811028264,0.6740647737491043
2024/05/22/15:00,0.4017862161461959,0.3008954932711556,-0.05507878011980072,0.7018264520750437,0.6794789447213216
2024/05/23/09:00,0.4017862161461959,0.3008954932711556,-0.05507878011980072,0.7018264520750437,0.6794789447213216
2024/05/23/10:00,0.4017862161461959,0.3008954932711556,-0.05507878011980072,0.7018264520750437,0.6794789447213216
2024/05/23/11:00,0.3431911511438336,0.24230042826879317,-0.11367384512216305,0.6432307469556313,0.6208838797189593
2024/05/23/12:00,0.3431911511438336,0.24230042826879317,-0.11367384512216305,0.6432307469556313,0.6208838797189593
2024/05/23/13:00,0.3431911511438336,0.24230042826879317,-0.11367384512216305,0.6432307469556313,0.6208838797189593
2024/05/23/14:00,0.3431911511438336,0.24230042826879317,-0.11367384512216305,0.6432307469556313,0.6208838797189593
2024/05/23/15:00,0.3431911511438336,0.24230042826879317,-0.11367384512216305,0.6432307469556313,0.6208838797189593
2024/05/24/09:00,0.3431911511438336,0.24230042826879317,-0.11367384512216305,0.6432307469556313,0.6208838797189593
2024/05/24/10:00,0.3431911511438336,0.24230042826879317,-0.11367384512216305,0.6432307469556313,0.6208838797189593
2024/05/24/11:00,0.3431911511438336,0.24230042826879317,-0.11367384512216305,0.6432307469556313,0.6208838797189593
2024/05/24/12:00,0.3431911511438336,0.24230042826879317,-0.11367384512216305,0.6432307469556313,0.6208838797189593
2024/05/24/13:00,0.3431911511438336,0.24230042826879317,-0.11367384512216305,0.6432307469556313,0.6208838797189593
2024/05/24/14:00,0.3431911511438336,0.24230042826879317,-0.11367384512216305,0.6432307469556313,0.6208838797189593
2024/05/24/15:00,0.35014088671452837,0.24925016383948806,-0.10672410955146816,0.6501804825263262,0.6278336152896541
2024/05/27/09:00,0.35014088671452837,0.24925016383948806,-0.10672410955146816,0.6501804825263262,0.6278336152896541
2024/05/27/10:00,0.35014088671452837,0.24925016383948806,-0.10672410955146816,0.6501804825263262,0.6278336152896541
2024/05/27/11:00,0.35014088671452837,0.24925016383948806,-0.10672410955146816,0.6501804825263262,0.6278336152896541
2024/05/27/12:00,0.35014088671452837,0.24925016383948806,-0.10672410955146816,0.6501804825263262,0.6278336152896541
2024/05/27/13:00,0.35014088671452837,0.24925016383948806,-0.10672410955146816,0.6501804825263262,0.6278336152896541
2024/05/27/14:00,0.35014088671452837,0.24925016383948806,-0.10672410955146816,0.6501804825263262,0.6278336152896541
2024/05/27/15:00,0.4607227683538371,0.1373151662018255,-0.21865910718913084,0.5382454848886635,0.5158986176519915
2024/05/28/09:00,0.4607227683538371,0.1373151662018255,-0.21865910718913084,0.5382454848886635,0.5158986176519915
2024/05/28/10:00,0.4607227683538371,0.1373151662018255,-0.21865910718913084,0.5382454848886635,0.5158986176519915
2024/05/28/11:00,0.4607227683538371,0.1373151662018255,-0.21865910718913084,0.5382454848886635,0.5158986176519915
2024/05/28/12:00,0.4607227683538371,0.1373151662018255,-0.24220073765870231,0.5382454848886635,0.49235698718241994
2024/05/28/13:00,0.4607227683538371,0.1373151662018255,-0.2383096032798453,0.5382454848886635,0.49235698718241994
2024/05/28/14:00,0.4607227683538371,0.1373151662018255,-0.2383096032798453,0.5382454848886635,0.4749115266791656
2024/05/28/15:00,0.4859518692941984,0.11072526785851033,-0.2374667367747314,0.5116555865453485,0.4544177983021678
2024/05/29/09:00,0.4859518692941984,0.11072526785851033,-0.2374667367747314,0.5116555865453485,0.4544177983021678
2024/05/29/10:00,0.4859518692941984,0.11072526785851033,-0.2374667367747314,0.5116555865453485,0.4544177983021678
2024/05/29/11:00,0.4859518692941984,0.11072526785851033,-0.2374667367747314,0.5116555865453485,0.4544177983021678
2024/05/29/12:00,0.4859518692941984,0.11072526785851033,-0.2374667367747314,0.5116555865453485,0.4544177983021678
2024/05/29/13:00,0.4859518692941984,0.11072526785851033,-0.2374667367747314,0.5116555865453485,0.4544177983021678
2024/05/29/14:00,0.4859518692941984,0.11072526785851033,-0.2374667367747314,0.5116555865453485,0.4544177983021678
2024/05/29/15:00,0.5492919086156751,0.18320956212946382,-0.16498244250377803,0.5841398808163019,0.5269020925731213
2024/05/30/09:00,0.5492919086156751,0.18320956212946382,-0.16498244250377803,0.5841398808163019,0.5269020925731213
2024/05/30/10:00,0.5492919086156751,0.18320956212946382,-0.16498244250377803,0.5841398808163019,0.5269020925731213
2024/05/30/11:00,0.5492919086156751,0.18320956212946382,-0.16498244250377803,0.5841398808163019,0.5269020925731213
2024/05/30/12:00,0.5492919086156751,0.18320956212946382,-0.16498244250377803,0.5841398808163019,0.5269020925731213
2024/05/30/13:00,0.5492919086156751,0.18320956212946382,-0.16498244250377803,0.5841398808163019,0.5269020925731213
2024/05/30/14:00,0.5492919086156751,0.18320956212946382,-0.16498244250377803,0.5841398808163019,0.5269020925731213
2024/05/30/15:00,0.5821623458765828,0.21607999939037148,-0.13211200524287037,0.6429190404340603,0.5856812521908796
2024/05/31/09:00,0.5821623458765828,0.21607999939037148,-0.13211200524287037,0.6429190404340603,0.5856812521908796
2024/05/31/10:00,0.5821623458765828,0.21607999939037148,-0.13211200524287037,0.6429190404340603,0.5856812521908796
2024/05/31/11:00,0.5821623458765828,0.21607999939037148,-0.13211200524287037,0.6429190404340603,0.5856812521908796
2024/05/31/12:00,0.5821623458765828,0.21607999939037148,-0.13211200524287037,0.6429190404340603,0.5856812521908796
2024/05/31/13:00,0.5821623458765828,0.21607999939037148,-0.13211200524287037,0.6429190404340603,0.5856812521908796
2024/05/31/14:00,0.5821623458765828,0.21607999939037148,-0.13211200524287037,0.6429190404340603,0.5856812521908796
2024/05/31/15:00,0.6119847895996253,0.24590244311341414,-0.1022895615198276,0.672741484157103,0.6155036959139223
2024/06/03/09:00,0.6119847895996253,0.24590244311341414,-0.1022895615198276,0.672741484157103,0.6155036959139223
2024/06/03/10:00,0.6119847895996253,0.24590244311341414,-0.1022895615198276,0.672741484157103,0.6155036959139223
2024/06/03/11:00,0.6119847895996253,0.24590244311341414,-0.1022895615198276,0.672741484157103,0.6155036959139223
2024/06/03/12:00,0.6119847895996253,0.24590244311341414,-0.1022895615198276,0.672741484157103,0.6155036959139223
2024/06/03/13:00,0.6119847895996253,0.24590244311341414,-0.1022895615198276,0.672741484157103,0.6155036959139223
2024/06/03/14:00,0.6119847895996253,0.2208470120250624,-0.1022895615198276,0.672741484157103,0.5904482648255706
2024/06/03/15:00,0.5899774434944332,0.217129456052922,-0.12734517549876534,0.672741484157103,0.5867307088534301
2024/06/04/09:00,0.5899774434944332,0.217129456052922,-0.12734517549876534,0.672741484157103,0.5867307088534301
2024/06/04/10:00,0.5899774434944332,0.217129456052922,-0.12734517549876534,0.672741484157103,0.5867307088534301
2024/06/04/11:00,0.5899774434944332,0.19207914590097008,-0.12734517549876534,0.6705518113788422,0.5867307088534301
2024/06/04/12:00,0.5899774434944332,0.18836543063113131,-0.12734517549876534,0.6668380961090035,0.5867307088534301
2024/06/04/13:00,0.5899774434944332,0.17855517961380374,-0.12734517549876534,0.6570278450916759,0.5799685428192605
2024/06/04/14:00,0.5899774434944332,0.14436024873120534,-0.12734517549876534,0.6228329142090774,0.5457736119366621
2024/06/04/15:00,0.58474087452182,0.1360755947754344,-0.1325817444713786,0.6145482602533066,0.537488957980891
2024/06/05/09:00,0.58474087452182,0.1360755947754344,-0.1325817444713786,0.6145482602533066,0.537488957980891
2024/06/05/10:00,0.58474087452182,0.1360755947754344,-0.1881182082819044,0.6145482602533066,0.537488957980891
2024/06/05/11:00,0.58474087452182,0.1360755947754344,-0.20707765229452457,0.6145482602533066,0.537488957980891
2024/06/05/12:00,0.58474087452182,0.1360755947754344,-0.2290853641808881,0.6145482602533066,0.537488957980891
2024/06/05/13:00,0.58474087452182,0.1360755947754344,-0.2290853641808881,0.6145482602533066,0.537488957980891
2024/06/05/14:00,0.58474087452182,0.1360755947754344,-0.2290853641808881,0.6145482602533066,0.537488957980891
2024/06/05/15:00,0.6297945071860787,0.18112922743969295,-0.24194882111777494,0.6596018929175651,0.5825425906451497
2024/06/07/09:00,0.6297945071860787,0.18112922743969295,-0.24194882111777494,0.6596018929175651,0.5825425906451497
2024/06/07/10:00,0.5712009967536948,0.12253571700730914,-0.30054233155015875,0.6010083824851813,0.5239490802127658
2024/06/07/11:00,0.5712009967536948,0.12253571700730914,-0.30054233155015875,0.6010083824851813,0.5239490802127658
2024/06/07/12:00,0.5712009967536948,0.12253571700730914,-0.30054233155015875,0.6010083824851813,0.5239490802127658
2024/06/07/13:00,0.5712009967536948,0.12253571700730914,-0.30054233155015875,0.6010083824851813,0.5239490802127658
2024/06/07/14:00,0.5712009967536948,0.12253571700730914,-0.30054233155015875,0.6010083824851813,0.5239490802127658
2024/06/07/15:00,0.5712009967536948,0.12253571700730914,-0.30054233155015875,0.6010083824851813,0.5239490802127658
